Year, kWh, kvarh, "Peak kW", "peak kVA", "Losses kWh", "Losses kvarh", "Peak Losses kW"
1, 2140189.92974097, 664877.364303666, 3611.9038387977, 3844.21550385883, 48515.8398349013, 97113.6723116525, 95.8584383067866
