Year, kWh, kvarh, "Peak kW", "peak kVA", "Losses kWh", "Losses kvarh", "Peak Losses kW"
1, 1675957.67524908, 385380.761310524, 3272.93515334597, 3455.58370440679, 30589.4503517572, 61037.9623421384, 79.0608132174687
